x,y,width
0.007107868,1,0.18
0.018625416,1,0.18
0.030142964,1,0.18
0.041660516,1,0.18
0.053178064,1,0.18
0.064695612,1,0.18
0.07621316,1,0.18
0.087730712,1,0.18
0.09924826,1,0.18
0.110765808,1,0.18
0.122283356,1,0.18
0.133800904,1,0.18
0.145318456,1,0.18
0.156836004,1,0.18
0.168353552,1,0.18
0.1798711,1,0.18
0.191388648,1,0.18
0.2029062,1,0.18
0.214423748,1,0.18
0.225941296,1,0.18
0.237458844,1,0.18
0.248976396,1,0.18
0.260493944,1,0.18
0.272011492,1,0.18
0.28352904,1,0.18
0.295046588,1,0.18
0.30656414,1,0.18
0.318081688,1,0.18
0.329599236,1,0.18
0.341116784,1,0.18
0.352634336,1,0.18
0.364151884,1,0.18
0.375669432,1,0.18
0.38718698,1,0.18
0.398704528,1,0.18
0.41022208,1,0.18
0.421739628,1,0.18
0.433257176,1,0.18
0.444774724,1,0.18
0.456292272,1,0.18
0.467809824,1,0.18
0.479327372,1,0.18
0.49084492,1,0.18
0.502362468,1,0.18
0.51388002,1,0.18
0.525397568,1,0.18
0.536915116,1,0.18
0.548432664,1,0.18
0.559950212,1,0.18
0.571467764,1,0.18
0.582985312,1,0.18
0.59450286,1,0.18
0.606020408,1,0.18
0.617537956,1,0.18
0.629055508,1,0.18
0.640573056,1,0.18
0.652090604,1,0.18
0.663608152,1,0.18
0.675125704,1,0.18
0.686643252,1,0.18
0.6981608,1,0.18
0.709678348,1,0.18
0.721195896,1,0.18
0.732713448,1,0.18
0.744230996,1,0.18
0.755748544,1,0.18
0.767266092,1,0.18
0.778783644,1,0.18
0.790301192,1,0.18
0.80181874,1,0.18
0.813336288,1,0.18
0.824853836,1,0.18
0.836371388,1,0.18
0.847888936,1,0.18
0.859406484,1,0.18
0.870924032,1,0.18
0.88244158,1,0.18
0.893959132,1,0.18
0.90547668,1,0.18
0.916994228,1,0.18
0.928511776,1,0.18
0.940029328,1,0.18
0.951546876,1,0.18
0.963064424,1,0.18
0.974581972,1,0.18
0.98609952,1,0.18
0.997617072,1,0.18
1.00913462,1,0.18
1.020652168,1,0.18
1.032169716,1,0.18
1.043687268,1,0.18
1.055204816,1,0.18
1.066722364,1,0.18
1.078239912,1,0.18
1.08975746,1,0.18
1.101275012,1,0.18
1.11279256,1,0.18
1.124310108,1,0.18
1.135827656,1,0.18
1.147345204,1,0.18
1.158862756,1,0.18
1.170380304,1,0.18
1.181897852,1,0.18
1.1934154,1,0.18
1.204932952,1,0.18
1.2164505,1,0.18
1.227968048,1,0.18
1.239485596,1,0.18
1.251003144,1,0.18
1.262520696,1,0.18
1.274038244,1,0.18
1.285555792,1,0.18
1.29707334,1,0.18
1.308590892,1,0.18
1.32010844,1,0.18
1.331625988,1,0.18
1.343143536,1,0.18
1.354661084,1,0.18
1.366178636,1,0.18
1.377696184,1,0.18
1.389213732,1,0.18
1.40073128,1,0.18
1.412248828,1,0.18
1.42376638,1,0.18
1.435283928,1,0.18
1.446801476,1,0.18
1.458319024,1,0.18
1.469836576,1,0.18
1.481354124,1,0.18
1.492871672,1,0.18
1.50438922,1,0.18
1.515906768,1,0.18
1.52742432,1,0.18
1.538941868,1,0.18
1.550459416,1,0.18
1.561976964,1,0.18
1.573494512,1,0.18
1.585012064,1,0.18
1.596529612,1,0.18
1.60804716,1,0.18
1.619564708,1,0.18
1.63108226,1,0.18
1.642599808,1,0.18
1.654117356,1,0.18
1.665634904,1,0.18
1.677152452,1,0.18
1.688670004,1,0.18
1.700187552,1,0.18
1.7117051,1,0.18
1.723222648,1,0.18
1.7347402,1,0.18
1.746257748,1,0.18
1.757775296,1,0.18
1.769292844,1,0.18
1.780810392,1,0.18
1.792327944,1,0.18
1.803845492,1,0.18
1.81536304,1,0.18
1.826880588,1,0.18
1.838398136,1,0.18
1.849915688,1,0.18
1.861433236,1,0.18
1.872950784,1,0.18
1.884468332,1,0.18
1.895985884,1,0.18
1.907503432,1,0.18
1.91902098,1,0.18
1.930538528,1,0.18
1.942056076,1,0.18
1.953573628,1,0.18
1.965091176,1,0.18
1.976608724,1,0.18
1.988126272,1,0.18
1.999643824,1,0.18
2.011161372,1,0.18
2.02267892,1,0.18
2.034196468,1,0.18
2.045714016,1,0.18
2.057231568,1,0.18
2.068749116,1,0.18
2.080266664,1,0.18
2.091784212,1,0.18
2.10330176,1,0.18
2.114819312,1,0.18
2.12633686,1,0.18
2.137854408,1,0.18
2.149371956,1,0.18
2.160889508,1,0.18
2.172407056,1,0.18
2.183924604,1,0.18
2.195442152,1,0.18
2.2069597,1,0.18
2.218477252,1,0.18
2.2299948,1,0.18
2.241512348,1,0.18
2.253029896,1,0.18
2.264547448,1,0.18
2.276064996,1,0.18
2.287582544,1,0.18
2.299100092,1,0.18
2.31061764,1,0.18
2.322135192,1,0.18
2.33365274,1,0.18
2.345170288,1,0.18
2.356687836,1,0.18
2.368205384,1,0.18
2.379722936,1,0.18
2.391240484,1,0.18
2.402758028,0.999996196,0.18
2.414275096,0.999898104,0.18
2.425790272,0.999667376,0.18
2.437302024,0.999304036,0.18
2.448808828,0.99880814,0.18
2.460309156,0.998179748,0.18
2.471801488,0.997418944,0.18
2.483284292,0.996525828,0.18
2.494756048,0.995500524,0.18
2.506215236,0.99434316,0.18
2.517660336,0.9930539,0.18
2.529089824,0.991632904,0.18
2.540502192,0.990080368,0.18
2.55189592,0.988396496,0.18
2.563269496,0.986581508,0.18
2.574621416,0.984635648,0.18
2.585950176,0.982559176,0.18
2.597254264,0.980352364,0.18
2.608532188,0.978015504,0.18
2.619782448,0.975548908,0.18
2.631003556,0.972952908,0.18
2.64219402,0.970227836,0.18
2.653352356,0.967374068,0.18
2.66447708,0.964391972,0.18
2.675566728,0.961281944,0.18
2.686619816,0.958044404,0.18
2.697634884,0.954679776,0.18
2.708610472,0.951188508,0.18
2.71954512,0.94757106,0.18
2.73043738,0.943827916,0.18
2.741285808,0.939959572,0.18
2.752088964,0.93596654,0.18
2.762845412,0.931849348,0.18
2.773553728,0.927608544,0.18
2.784212492,0.923244692,0.18
2.794820292,0.918758368,0.18
2.805375716,0.914150168,0.18
2.815877364,0.909420704,0.18
2.826323844,0.904570604,0.18
2.836713776,0.899600512,0.18
2.847045772,0.894511084,0.18
2.857318468,0.889302996,0.18
2.867530504,0.88397694,0.18
2.877680516,0.878533624,0.18
2.887767164,0.872973764,0.18
2.897789108,0.867298108,0.18
2.907818856,0.861558004,0.18
2.917877224,0.855947144,0.18
2.927999544,0.850452504,0.18
2.938184476,0.845074808,0.18
2.948430672,0.839814772,0.18
2.958736768,0.834673096,0.18
2.969101396,0.829650456,0.18
2.979523188,0.824747524,0.18
2.990000756,0.819964948,0.18
3.000532708,0.81530336,0.18
3.011117656,0.81076338,0.18
3.021754188,0.806345616,0.18
3.032440892,0.802050644,0.18
3.043176356,0.797879044,0.18
3.053959156,0.79383136,0.18
3.064787856,0.789908132,0.18
3.075661024,0.786109884,0.18
3.086577216,0.78243712,0.18
3.097534984,0.77889032,0.18
3.108532876,0.77546996,0.18
3.119569432,0.772176496,0.18
3.130643184,0.76901036,0.18
3.141752672,0.765971972,0.18
3.152896416,0.763061736,0.18
3.164072936,0.760280044,0.18
3.175280752,0.757627256,0.18
3.18651838,0.755103728,0.18
3.197784328,0.752709792,0.18
3.2090771,0.750445772,0.18
3.220395196,0.748311964,0.18
3.231737116,0.746308648,0.18
3.24310136,0.744436096,0.18
3.254486416,0.742694556,0.18
3.265890776,0.741084252,0.18
3.277312924,0.739605404,0.18
3.288751348,0.738258204,0.18
3.300204528,0.737042836,0.18
3.311670944,0.735959456,0.18
3.32314908,0.735008212,0.18
3.334637412,0.734189228,0.18
3.346134412,0.733502612,0.18
3.357638556,0.732948456,0.18
3.369148324,0.732526836,0.18
3.38066218,0.7322378,0.18
3.392178604,0.732081396,0.18
3.403696064,0.73205764,0.18
3.415213036,0.732166532,0.18
3.426727988,0.732408064,0.18
3.438239396,0.7327822,0.18
3.449745728,0.733288892,0.18
3.461245464,0.733928072,0.18
3.472737076,0.734699656,0.18
3.484219036,0.735603544,0.18
3.495689828,0.736639608,0.18
3.507147924,0.737807716,0.18
3.518591808,0.739107716,0.18
3.53001996,0.740539432,0.18
3.541430864,0.742102672,0.18
3.552823008,0.743797232,0.18
3.56419488,0.745622888,0.18
3.575544968,0.747579396,0.18
3.586871772,0.749666496,0.18
3.598173788,0.751883908,0.18
3.609449516,0.754231344,0.18
3.620697456,0.756708492,0.18
3.631916124,0.75931502,0.18
3.643104024,0.762050584,0.18
3.65425968,0.76491482,0.18
3.665381604,0.767907352,0.18
3.676468328,0.771027776,0.18
3.687518376,0.774275688,0.18
3.698530284,0.777650644,0.18
3.709502588,0.781152208,0.18
3.72043384,0.784779912,0.18
3.731322584,0.788533268,0.18
3.74216738,0.792411788,0.18
3.752966784,0.796414956,0.18
3.763719364,0.800542236,0.18
3.7744237,0.80479308,0.18
3.785078364,0.809166932,0.18
3.795681952,0.813663204,0.18
3.806233048,0.8182813,0.18
3.816730256,0.823020612,0.18
3.827172184,0.827880512,0.18
3.837557444,0.832860348,0.18
3.847884664,0.837959468,0.18
3.858152472,0.843177188,0.18
3.868359504,0.84851282,0.18
3.878504404,0.853965656,0.18
3.888585832,0.859534972,0.18
3.898602448,0.865220028,0.18
3.908568316,0.870916128,0.18
3.918631508,0.876518324,0.18
3.928758556,0.882004252,0.18
3.938948112,0.88737318,0.18
3.949198832,0.892624392,0.18
3.959509348,0.897757196,0.18
3.9698783,0.902770912,0.18
3.980304304,0.907664876,0.18
3.990785984,0.912438432,0.18
4.001321948,0.917090952,0.18
4.011910796,0.921621816,0.18
4.022551128,0.926030424,0.18
4.033241528,0.930316196,0.18
4.04398058,0.934478556,0.18
4.054766856,0.938516956,0.18
4.065598932,0.94243086,0.18
4.076475364,0.946219748,0.18
4.087394712,0.949883116,0.18
4.098355532,0.95342048,0.18
4.10935636,0.956831372,0.18
4.120395748,0.960115336,0.18
4.131472224,0.96327194,0.18
4.14258432,0.966300764,0.18
4.153730564,0.969201404,0.18
4.164909476,0.97197348,0.18
4.176119572,0.97461662,0.18
4.187359368,0.977130472,0.18
4.198627372,0.979514708,0.18
4.209922088,0.981769008,0.18
4.221242016,0.983893076,0.18
4.23258566,0.985886624,0.18
4.243951508,0.987749396,0.18
4.25533806,0.98948114,0.18
4.2667438,0.991081624,0.18
4.278167216,0.99255064,0.18
4.289606796,0.993887992,0.18
4.301061016,0.9950935,0.18
4.312528364,0.996167012,0.18
4.324007316,0.997108376,0.18
4.335496344,0.997917472,0.18
4.346993932,0.998594192,0.18
4.358498552,0.999138444,0.18
4.370008676,0.99955016,0.18
4.38152278,0.99982928,0.18
4.393039332,0.999975776,0.18
4.404556824,1,0.18
4.416074372,1,0.18
4.427591924,1,0.18
4.439109472,1,0.18
4.45062702,1,0.18
4.462144568,1,0.18
4.473662116,1,0.18
4.485179668,1,0.18
4.496697216,1,0.18
4.508214764,1,0.18
4.519732312,1,0.18
4.53124986,1,0.18
4.542767412,1,0.18
4.55428496,1,0.18
4.565802508,1,0.18
4.577320056,1,0.18
4.588837608,1,0.18
4.600355156,1,0.18
4.611872704,1,0.18
4.623390252,1,0.18
4.6349078,1,0.18
4.646425352,1,0.18
4.6579429,1,0.18
4.669460448,1,0.18
4.680977996,1,0.18
4.692495544,1,0.18
4.704013096,1,0.18
4.715530644,1,0.18
4.727048192,1,0.18
4.73856574,1,0.18
4.750083292,1,0.18
4.76160084,1,0.18
4.773118388,1,0.18
4.784635936,1,0.18
4.796153484,1,0.18
4.807671036,1,0.18
4.819188584,1,0.18
4.830706132,1,0.18
4.84222368,1,0.18
4.853741232,1,0.18
4.86525878,1,0.18
4.876776328,1,0.18
4.888293876,1,0.18
4.899811424,1,0.18
4.911328976,1,0.18
4.922846524,1,0.18
4.934364072,1,0.18
4.94588162,1,0.18
4.957399168,1,0.18
4.96891672,1,0.18
4.980434268,1,0.18
4.991951816,1,0.18
5.003469364,1,0.18
5.014986916,1,0.18
5.026504464,1,0.18
5.038022012,1,0.18
5.04953956,1,0.18
5.061057108,1,0.18
5.07257466,1,0.18
5.084092208,1,0.18
5.095609756,1,0.18
5.107127304,1,0.18
5.118644856,1,0.18
5.130162404,1,0.18
5.141679952,1,0.18
5.1531975,1,0.18
5.164715048,1,0.18
5.1762326,1,0.18
5.187750148,1,0.18
5.199267696,1,0.18
5.210785244,1,0.18
5.222302792,1,0.18
5.233820344,1,0.18
5.245337892,1,0.18
5.25685544,1,0.18
5.268372988,1,0.18
5.27989054,1,0.18
5.291408088,1,0.18
5.302925636,1,0.18
5.314443184,1,0.18
5.325960732,1,0.18
5.337478284,1,0.18
5.348995832,1,0.18
5.36051338,1,0.18
5.372030928,1,0.18
5.38354848,1,0.18
5.395066028,1,0.18
5.406583576,1,0.18
5.418101124,1,0.18
5.429618672,1,0.18
5.441136224,1,0.18
5.452653772,1,0.18
5.46417132,1,0.18
5.475688868,1,0.18
5.487206416,1,0.18
5.498723968,1,0.18
5.510241516,1,0.18
5.521759064,1,0.18
5.533276612,1,0.18
5.544794164,1,0.18
5.556311712,1,0.18
5.56782926,1,0.18
5.579346808,1,0.18
5.590864356,1,0.18
5.602381908,1,0.18
5.613899456,1,0.18
5.625417004,1,0.18
5.636934552,1,0.18
5.6484521,1,0.18
5.659969652,1,0.18
5.6714872,1,0.18
5.683004748,1,0.18
5.694522296,1,0.18
5.706039848,1,0.18
5.717557396,1,0.18
5.729074944,1,0.18
5.740592492,1,0.18
5.75211004,1,0.18
5.763627592,1,0.18
5.77514514,1,0.18
5.786662688,1,0.18
5.798180236,1,0.18
5.809697788,1,0.18
5.821215336,1,0.18
5.832732884,1,0.18
5.844250432,1,0.18
5.85576798,1,0.18
5.867285532,1,0.18
5.87880308,1,0.18
5.890320628,1,0.18
5.901838176,1,0.18
5.913355724,1,0.18
5.924873276,1,0.18
5.936390824,1,0.18
5.947908372,1,0.18
5.95942592,1,0.18
5.970943472,1,0.18
5.98246102,1,0.18
5.993978568,1,0.18
6.005496116,1,0.18
6.017013664,1,0.18
6.028531216,1,0.18
6.040048764,1,0.18
6.051566312,1,0.18
6.06308386,1,0.18
6.074601412,1,0.18
6.08611896,1,0.18
6.097636508,1,0.18
6.109154056,1,0.18
6.120671604,1,0.18
6.132189156,1,0.18
6.143706704,1,0.18
6.155224252,1,0.18
6.1667418,1,0.18
6.178259348,1,0.18
6.1897769,1,0.18
6.201294448,1,0.18
6.212811996,1,0.18
6.224329544,1,0.18
6.235847096,1,0.18
6.247364644,1,0.18
6.258882192,1,0.18
6.27039974,1,0.18
6.281917288,1,0.18
6.29343484,1,0.18
6.304952388,1,0.18
6.316469936,1,0.18
6.327987484,1,0.18
6.339505032,1,0.18
6.351022584,1,0.18
6.362540132,1,0.18
6.37405768,1,0.18
6.385575228,1,0.18
6.39709278,1,0.18
6.408610328,1,0.18
6.420127876,1,0.18
6.431645424,1,0.18
6.443162972,1,0.18
6.454680524,1,0.18
6.466198072,1,0.18
6.47771562,1,0.18
6.489233168,1,0.18
6.50075072,1,0.18
6.512268268,1,0.18
6.523785816,1,0.18
6.535303364,1,0.18
6.546820912,1,0.18
6.558338464,1,0.18
6.569856012,1,0.18
6.58137356,1,0.18
6.592891108,1,0.18
6.604408656,1,0.18
6.615926208,1,0.18
6.627443756,1,0.18
6.638961304,1,0.18
6.650478852,1,0.18
6.661996404,1,0.18
6.673513952,1,0.18
6.6850315,1,0.18
6.696549048,1,0.18
6.708066596,1,0.18
6.719584148,1,0.18
6.731101696,1,0.18
6.742619244,1,0.18
6.754136792,1,0.18
6.765654344,1,0.18
6.777171892,1,0.18
6.78868944,1,0.18
6.800206988,0.999999964,0.18
6.811723792,0.999885448,0.18
6.823236276,0.999549896,0.18
6.834740196,0.99899342,0.18
6.846231316,0.998216236,0.18
6.8577054,0.997218624,0.18
6.869158224,0.996000956,0.18
6.880585564,0.994563676,0.18
6.891983208,0.99290732,0.18
6.90334696,0.991032492,0.18
6.914672632,0.988939884,0.18
6.925956052,0.986630268,0.18
6.93719306,0.984104496,0.18
6.948379516,0.9813635,0.18
6.959511296,0.978408288,0.18
6.970584304,0.975239944,0.18
6.981594456,0.971859644,0.18
6.992537692,0.968268632,0.18
7.003409988,0.964468224,0.18
7.014207332,0.960459828,0.18
7.024925744,0.95624492,0.18
7.03556128,0.951825048,0.18
7.046110016,0.947201844,0.18
7.056568068,0.942377016,0.18
7.066931584,0.937352332,0.18
7.07719674,0.932129652,0.18
7.08735976,0.926710896,0.18
7.097416896,0.921098064,0.18
7.10736444,0.91529322,0.18
7.117198728,0.909298504,0.18
7.12691614,0.903116128,0.18
7.136513092,0.896748368,0.18
7.145986048,0.890197568,0.18
7.155331516,0.883466144,0.18
7.164546056,0.87655658,0.18
7.173626272,0.869471412,0.18
7.182568816,0.862213264,0.18
7.191370396,0.8547848,0.18
7.200027764,0.84718876,0.18
7.208537736,0.839427944,0.18
7.216897172,0.831505212,0.18
7.225102992,0.823423484,0.18
7.233152176,0.815185732,0.18
7.241041752,0.806795,0.18
7.24876882,0.798254372,0.18
7.256330528,0.789567,0.18
7.263724092,0.780736084,0.18
7.270946788,0.77176488,0.18
7.277995948,0.762656688,0.18
7.284868984,0.753414868,0.18
7.29156336,0.744042824,0.18
7.298076608,0.734544008,0.18
7.304406328,0.724921924,0.18
7.310550188,0.715180116,0.18
7.316505924,0.705322172,0.18
7.322271344,0.695351728,0.18
7.327844324,0.685272452,0.18
7.333222804,0.67508806,0.18
7.338404808,0.664802308,0.18
7.343388424,0.654418984,0.18
7.34817182,0.643941916,0.18
7.352753224,0.63337496,0.18
7.35713096,0.622722012,0.18
7.361303408,0.611986996,0.18
7.365269028,0.601173868,0.18
7.369026364,0.590286616,0.18
7.372574032,0.579329248,0.18
7.37591072,0.5683058,0.18
7.3790352,0.55722034,0.18
7.381946324,0.546076944,0.18
7.38464302,0.534879728,0.18
7.387124288,0.523632808,0.18
7.389389216,0.512340336,0.18
7.391436972,0.501006468,0.18
7.3932668,0.489635384,0.18
7.394878028,0.478231268,0.18
7.39627006,0.466798328,0.18
7.39744238,0.455340776,0.18
7.398394564,0.443862832,0.18
7.399126252,0.432368724,0.18
7.39963718,0.420862692,0.18
7.39992716,0.409348972,0.18
7.399996084,0.397831804,0.18
7.399843924,0.38631544,0.18
7.39947074,0.374804112,0.18
7.398876668,0.363302072,0.18
7.398061924,0.351813556,0.18
7.397026816,0.340342792,0.18
7.395771716,0.328894012,0.18
7.394297092,0.317471432,0.18
7.392603488,0.30607926,0.18
7.390691524,0.294721696,0.18
7.388561908,0.283402924,0.18
7.386215424,0.272127116,0.18
7.383652936,0.260898424,0.18
7.380875388,0.249720988,0.18
7.377883804,0.238598924,0.18
7.374679288,0.227536332,0.18
7.371263016,0.216537288,0.18
7.367636252,0.205605848,0.18
7.363800328,0.194746032,0.18
7.35975666,0.183961852,0.18
7.355506736,0.173257272,0.18
7.351052124,0.16263624,0.18
7.346394468,0.152102672,0.18
7.34153548,0.141660444,0.18
7.336476948,0.131313408,0.18
7.331220744,0.12106538,0.18
7.325768796,0.110920128,0.18
7.32012312,0.100881392,0.18
7.314285792,0.090952876,0.18
7.308258964,0.081138232,0.18
7.302044856,0.07144108,0.18
7.29564576,0.061864996,0.18
7.289064032,0.052413504,0.18
7.282302096,0.043090084,0.18
7.275362448,0.03389818,0.18
7.26824764,0.024841172,0.18
7.2609603,0.0159224,0.18
7.253503104,0.007145148,0.18
7.245878808,-0.001487344,0.18
7.23809022,-0.009971904,0.18
7.230140204,-0.018305396,0.18
7.222031696,-0.026484756,0.18
7.21376768,-0.034506972,0.18
7.2053512,-0.04236908,0.18
7.196785364,-0.050068188,0.18
7.18807332,-0.05760146,0.18
7.179218284,-0.06496612,0.18
7.17022352,-0.072159452,0.18
7.161092332,-0.079178804,0.18
7.151828096,-0.086021596,0.18
7.14243422,-0.0926853,0.18
7.132914168,-0.099167464,0.18
7.123271448,-0.1054657,0.18
7.113509608,-0.111577684,0.18
7.103632248,-0.117501168,0.18
7.093643012,-0.123233964,0.18
7.083545572,-0.128773968,0.18
7.073343656,-0.134119128,0.18
7.063041024,-0.139267484,0.18
7.052641464,-0.144217136,0.18
7.042148812,-0.148966256,0.18
7.03156694,-0.1535131,0.18
7.02089974,-0.157855992,0.18
7.010151144,-0.161993324,0.18
6.999325112,-0.16592358,0.18
6.988425636,-0.169645312,0.18
6.977456728,-0.173157144,0.18
6.966422436,-0.17645778,0.18
6.95532682,-0.179546012,0.18
6.944173968,-0.182420696,0.18
6.932967996,-0.185080772,0.18
6.921713028,-0.187525268,0.18
6.910428328,-0.189829476,0.18
6.899143044,-0.19213086,0.18
6.887857764,-0.19443224,0.18
6.87657248,-0.19673362,0.18
6.8652872,-0.199035,0.18
6.85400192,-0.20133638,0.18
6.842716636,-0.20363776,0.18
6.831431356,-0.20593914,0.18
6.820146076,-0.20824052,0.18
6.808860792,-0.210541904,0.18
6.797575512,-0.212843284,0.18
6.786290228,-0.215144664,0.18
6.775004948,-0.217446044,0.18
6.763719668,-0.219747424,0.18
6.752434384,-0.222048804,0.18
6.741149104,-0.224350184,0.18
6.72986382,-0.226651564,0.18
6.71857854,-0.228952948,0.18
6.70729326,-0.231254328,0.18
6.696007976,-0.233555708,0.18
6.684722696,-0.235857088,0.18
6.673437412,-0.238158468,0.18
6.662152132,-0.240459848,0.18
6.650866852,-0.242761228,0.18
6.639581568,-0.245062608,0.18
6.628296288,-0.247363992,0.18
6.617011008,-0.249665372,0.18
6.605725724,-0.251966752,0.18
6.594440444,-0.254268132,0.18
6.58315516,-0.256569512,0.18
6.57186988,-0.258870892,0.18
6.5605846,-0.261172272,0.18
6.549299316,-0.263473652,0.18
6.538014036,-0.265775036,0.18
6.526728752,-0.268076416,0.18
6.515443472,-0.270377796,0.18
6.504158192,-0.272679176,0.18
6.492872908,-0.274980556,0.18
6.481587628,-0.277281936,0.18
6.470302344,-0.279583316,0.18
6.459017064,-0.281884696,0.18
6.447731784,-0.28418608,0.18
6.4364465,-0.28648746,0.18
6.42516122,-0.28878884,0.18
6.41387594,-0.29109022,0.18
6.402590656,-0.2933916,0.18
6.391305376,-0.29569298,0.18
6.380020092,-0.29799436,0.18
6.368734812,-0.300295744,0.18
6.357449532,-0.302597124,0.18
6.346164248,-0.304898504,0.18
6.334878968,-0.307199884,0.18
6.323593684,-0.309501264,0.18
6.312308404,-0.311802644,0.18
6.301023124,-0.314104024,0.18
6.28973784,-0.316405404,0.18
6.27845256,-0.318706788,0.18
6.26716728,-0.321008168,0.18
6.255881996,-0.323309548,0.18
6.244596716,-0.325610928,0.18
6.233311432,-0.327912308,0.18
6.222026152,-0.330213688,0.18
6.210740872,-0.332515068,0.18
6.199455588,-0.334816448,0.18
6.188170308,-0.337117832,0.18
6.176885024,-0.339419212,0.18
6.165599744,-0.341720592,0.18
6.154314464,-0.344021972,0.18
6.14302918,-0.346323352,0.18
6.1317439,-0.348624732,0.18
6.120458616,-0.350926112,0.18
6.109173336,-0.353227492,0.18
6.097888056,-0.355528876,0.18
6.086602772,-0.357830256,0.18
6.075317492,-0.360131636,0.18
6.064032212,-0.362433016,0.18
6.052746928,-0.364734396,0.18
6.041461648,-0.367035776,0.18
6.030176364,-0.369337156,0.18
6.018891084,-0.371638536,0.18
6.007605804,-0.37393992,0.18
5.99632052,-0.3762413,0.18
5.98503524,-0.37854268,0.18
5.973749956,-0.38084406,0.18
5.962464676,-0.38314544,0.18
5.951179396,-0.38544682,0.18
5.939894112,-0.3877482,0.18
5.928608832,-0.39004958,0.18
5.917323548,-0.392350964,0.18
5.906038268,-0.394652344,0.18
5.894752988,-0.396953724,0.18
5.883467704,-0.399255104,0.18
5.872182424,-0.401556484,0.18
5.860897144,-0.403857864,0.18
5.84961186,-0.406159244,0.18
5.83832658,-0.408460624,0.18
5.827041296,-0.410762008,0.18
5.815756016,-0.413063388,0.18
5.804470736,-0.415364768,0.18
5.793185452,-0.417666148,0.18
5.781900172,-0.419967528,0.18
5.770614888,-0.422268908,0.18
5.759329608,-0.424570288,0.18
5.748044328,-0.426871668,0.18
5.736759044,-0.429173052,0.18
5.725473764,-0.431474432,0.18
5.714188484,-0.433775812,0.18
5.7029032,-0.436077192,0.18
5.69161792,-0.438378572,0.18
5.680332636,-0.440679952,0.18
5.669047356,-0.442981332,0.18
5.657762076,-0.445282712,0.18
5.646476792,-0.447584096,0.18
5.635191512,-0.449885476,0.18
5.623906228,-0.452186856,0.18
5.612620948,-0.454488236,0.18
5.601335668,-0.456789616,0.18
5.590050384,-0.459090996,0.18
5.578765104,-0.461392376,0.18
5.56747982,-0.46369376,0.18
5.55619454,-0.46599514,0.18
5.54490926,-0.46829652,0.18
5.533623976,-0.4705979,0.18
5.522338696,-0.47289928,0.18
5.511053416,-0.47520066,0.18
5.499768132,-0.47750204,0.18
5.488482852,-0.47980342,0.18
5.477197568,-0.482104804,0.18
5.465912288,-0.484406184,0.18
5.454627008,-0.486707564,0.18
5.443341724,-0.489008944,0.18
5.432056444,-0.491310324,0.18
5.42077116,-0.493611704,0.18
5.40948588,-0.495913084,0.18
5.3982006,-0.498214464,0.18
5.386915316,-0.500515848,0.18
5.375630036,-0.502817228,0.18
5.364344756,-0.505118608,0.18
5.353059472,-0.507419988,0.18
5.341774192,-0.509721368,0.18
5.330488908,-0.512022748,0.18
5.319203628,-0.514324128,0.18
5.307918348,-0.516625508,0.18
5.296633064,-0.518926892,0.18
5.285347784,-0.521228272,0.18
5.2740625,-0.523529652,0.18
5.26277722,-0.525831032,0.18
5.25149194,-0.528132412,0.18
5.240206656,-0.530433792,0.18
5.228921376,-0.532735172,0.18
5.217636092,-0.535036552,0.18
5.206350812,-0.537337936,0.18
5.195065532,-0.539639316,0.18
5.183780248,-0.541940696,0.18
5.172494968,-0.544242076,0.18
5.161209688,-0.546543456,0.18
5.149924404,-0.548844836,0.18
5.138639124,-0.551146216,0.18
5.12735384,-0.553447596,0.18
5.11606856,-0.55574898,0.18
5.10478328,-0.55805036,0.18
5.093497996,-0.56035174,0.18
5.082212716,-0.56265312,0.18
5.070927432,-0.5649545,0.18
5.059642152,-0.56725588,0.18
5.048356872,-0.56955726,0.18
5.037071588,-0.57185864,0.18
5.025786308,-0.574160024,0.18
5.014501024,-0.576461404,0.18
5.003215744,-0.578762784,0.18
4.991930464,-0.581064164,0.18
4.98064518,-0.583365544,0.18
4.9693599,-0.585666924,0.18
4.95807462,-0.587968304,0.18
4.946789336,-0.590269684,0.18
4.935504056,-0.592571068,0.18
4.924218772,-0.594872448,0.18
4.912933492,-0.597173828,0.18
4.901648212,-0.599475208,0.18
4.890362928,-0.601776588,0.18
4.879077648,-0.604077968,0.18
4.867792364,-0.606379348,0.18
4.856507084,-0.608680732,0.18
4.845221804,-0.610982112,0.18
4.83393652,-0.613283492,0.18
4.82265124,-0.615584872,0.18
4.81136596,-0.617886252,0.18
4.800080676,-0.62018764,0.18
4.788809152,-0.622555156,0.18
4.777565636,-0.625052332,0.18
4.766351632,-0.62767884,0.18
4.75516862,-0.630434328,0.18
4.744018084,-0.633318428,0.18
4.732901508,-0.636330764,0.18
4.72182036,-0.639470932,0.18
4.710776116,-0.642738516,0.18
4.699770236,-0.646133088,0.18
4.688804184,-0.649654188,0.18
4.677879412,-0.653301352,0.18
4.666997372,-0.657074104,0.18
4.656159504,-0.660971932,0.18
4.645367244,-0.664994328,0.18
4.634622032,-0.669140752,0.18
4.623925284,-0.673410656,0.18
4.613278428,-0.677803476,0.18
4.602682868,-0.682318628,0.18
4.592140016,-0.686955516,0.18
4.581651264,-0.691713516,0.18
4.571218008,-0.696592004,0.18
4.560841632,-0.701590332,0.18
4.550523512,-0.706707836,0.18
4.540265016,-0.71194384,0.18
4.530067504,-0.717297644,0.18
4.519932332,-0.72276854,0.18
4.50986084,-0.728355804,0.18
4.499854364,-0.734058696,0.18
4.489914236,-0.739876452,0.18
4.480041772,-0.745808312,0.18
4.470238284,-0.751853476,0.18
4.460505068,-0.758011152,0.18
4.450843416,-0.76428052,0.18
4.441254612,-0.770660748,0.18
4.431739928,-0.777150992,0.18
4.422300624,-0.783750388,0.18
4.412937956,-0.79045806,0.18
4.40365316,-0.79727312,0.18
4.394447472,-0.804194664,0.18
4.385322112,-0.811221772,0.18
4.376278288,-0.818353516,0.18
4.367317204,-0.825588944,0.18
4.358440048,-0.832927104,0.18
4.349647996,-0.840367016,0.18
4.340942216,-0.847907692,0.18
4.33232386,-0.85554814,0.18
4.323794072,-0.86328734,0.18
4.315353988,-0.871124264,0.18
4.30700472,-0.879057876,0.18
4.298747384,-0.887087124,0.18
4.290583068,-0.895210944,0.18
4.282512856,-0.903428252,0.18
4.274537824,-0.911737964,0.18
4.266659024,-0.920138976,0.18
4.258877504,-0.928630172,0.18
4.251194296,-0.937210428,0.18
4.24361042,-0.945878604,0.18
4.23612688,-0.954633552,0.18
4.228744668,-0.963474108,0.18
4.221464768,-0.9723991,0.18
4.21428814,-0.981407344,0.18
4.20721574,-0.990497648,0.18
4.200248504,-0.999668804,0.18
4.193387356,-1.008919596,0.18
4.186633212,-1.018248796,0.18
4.179986956,-1.027655164,0.18
4.173449484,-1.037137456,0.18
4.167021652,-1.046694416,0.18
4.160704316,-1.056324772,0.18
4.154498316,-1.066027248,0.18
4.148404472,-1.075800556,0.18
4.142423596,-1.0856434,0.18
4.13655648,-1.095554472,0.18
4.130803904,-1.105532464,0.18
4.125166624,-1.115576048,0.18
4.119645396,-1.125683892,0.18
4.114240948,-1.135854656,0.18
4.108954,-1.146086988,0.18
4.103785248,-1.156379532,0.18
4.098735384,-1.166730924,0.18
4.093805072,-1.177139792,0.18
4.088994972,-1.187604752,0.18
4.08430572,-1.198124416,0.18
4.079737936,-1.208697392,0.18
4.075292224,-1.219322276,0.18
4.07096918,-1.229997656,0.18
4.066769372,-1.240722116,0.18
4.06269336,-1.25149424,0.18
4.058741688,-1.262312592,0.18
4.054914872,-1.273175736,0.18
4.051213424,-1.284082236,0.18
4.047637836,-1.295030644,0.18
4.04418858,-1.306019508,0.18
4.040866116,-1.317047368,0.18
4.037670884,-1.328112764,0.18
4.034603304,-1.339214224,0.18
4.031663788,-1.350350276,0.18
4.028852728,-1.361519448,0.18
4.026170488,-1.372720256,0.18
4.023617432,-1.383951212,0.18
4.021193892,-1.395210828,0.18
4.018900196,-1.406497608,0.18
4.016736644,-1.417810056,0.18
4.014703528,-1.429146672,0.18
4.012801108,-1.440505956,0.18
4.011029648,-1.451886396,0.18
4.009389372,-1.46328648,0.18
4.007880508,-1.474704704,0.18
4.006503248,-1.486139544,0.18
4.005250956,-1.497588772,0.18
4.004029012,-1.509041316,0.18
4.002807064,-1.52049386,0.18
4.001585116,-1.531946404,0.18
4.000363172,-1.543398952,0.18
3.999141224,-1.554851496,0.18
3.99791928,-1.56630404,0.18
3.996697332,-1.577756584,0.18
3.995475388,-1.589209128,0.18
3.99425344,-1.600661672,0.18
3.993031496,-1.61211422,0.18
3.991809548,-1.623566764,0.18
3.990587604,-1.635019308,0.18
3.989365656,-1.646471852,0.18
3.988143712,-1.657924396,0.18
3.986921764,-1.66937694,0.18
3.98569982,-1.680829488,0.18
3.984477872,-1.692282032,0.18
3.983255924,-1.703734576,0.18
3.98203398,-1.71518712,0.18
3.980812032,-1.726639664,0.18
3.979590088,-1.738092208,0.18
3.97836814,-1.749544756,0.18
3.977146196,-1.7609973,0.18
3.975924248,-1.772449844,0.18
3.974702304,-1.783902388,0.18
3.973480356,-1.795354932,0.18
3.972258412,-1.806807476,0.18
3.971036464,-1.818260024,0.18
3.96981452,-1.829712568,0.18
3.968592572,-1.841165112,0.18
3.967370624,-1.852617656,0.18
3.96614868,-1.8640702,0.18
3.964926732,-1.875522744,0.18
3.963704788,-1.886975292,0.18
3.96248284,-1.898427836,0.18
3.961260896,-1.90988038,0.18
3.960038948,-1.921332924,0.18
3.958817004,-1.932785468,0.18
3.957595056,-1.944238016,0.18
3.956373112,-1.95569056,0.18
3.955151164,-1.967143104,0.18
3.95392922,-1.978595648,0.18
3.952707272,-1.990048192,0.18
3.951485324,-2.001500736,0.18
3.95026338,-2.012953284,0.18
3.949041432,-2.024405828,0.18
3.947819488,-2.035858372,0.18
3.94659754,-2.047310916,0.18
3.945375596,-2.05876346,0.18
3.944153648,-2.070216004,0.18
3.942931704,-2.081668552,0.18
3.941709756,-2.093121096,0.18
3.940487812,-2.10457364,0.18
3.939265864,-2.116026184,0.18
3.93804392,-2.127478728,0.18
3.936821972,-2.138931272,0.18
3.935600028,-2.15038382,0.18
3.93437808,-2.161836364,0.18
3.933156132,-2.173288908,0.18
3.931934188,-2.184741452,0.18
3.93071224,-2.196193996,0.18
3.929490296,-2.20764654,0.18
3.928268348,-2.219099088,0.18
3.927046404,-2.230551632,0.18
3.925824456,-2.242004176,0.18
3.924602512,-2.25345672,0.18
3.923380564,-2.264909264,0.18
3.92215862,-2.276361808,0.18
3.920936672,-2.287814356,0.18
3.919714728,-2.2992669,0.18
3.91849278,-2.310719444,0.18
3.917270832,-2.322171988,0.18
3.916048888,-2.333624532,0.18
3.91482694,-2.345077076,0.18
3.913604996,-2.356529624,0.18
3.912383048,-2.367982168,0.18
3.911161104,-2.379434712,0.18
3.909939156,-2.390887256,0.18
3.908717212,-2.4023398,0.18
3.907495264,-2.413792344,0.18
3.90627332,-2.425244892,0.18
3.905051372,-2.436697436,0.18
3.903829428,-2.44814998,0.18
3.90260748,-2.459602524,0.18
3.901385532,-2.471055068,0.18
3.900163588,-2.482507612,0.18
3.89894164,-2.49396016,0.18
3.897719696,-2.505412704,0.18
3.896497748,-2.516865248,0.18
3.895275804,-2.528317792,0.18
3.894053856,-2.539770336,0.18
3.892831912,-2.55122288,0.18
3.891609964,-2.562675428,0.18
3.89038802,-2.574127972,0.18
3.889166072,-2.585580516,0.18
3.887944128,-2.59703306,0.18
3.88672218,-2.608485604,0.18
3.885500236,-2.619938148,0.18
3.884278288,-2.631390696,0.18
3.88305634,-2.64284324,0.18
3.881834396,-2.654295784,0.18
3.880612448,-2.665748328,0.18
3.879390504,-2.677200872,0.18
3.878168556,-2.688653416,0.18
3.876946612,-2.700105964,0.18
3.875724664,-2.711558508,0.18
3.87450272,-2.723011052,0.18
3.873280772,-2.734463596,0.18
3.872058828,-2.74591614,0.18
3.87083688,-2.757368684,0.18
3.869614936,-2.768821232,0.18
3.868392988,-2.780273776,0.18
3.86717104,-2.79172632,0.18
3.865949096,-2.803178864,0.18
3.864727148,-2.814631408,0.18
3.863505204,-2.826083952,0.18
3.862283256,-2.8375365,0.18
3.861061312,-2.848989044,0.18
3.859839364,-2.860441588,0.18
3.85861742,-2.871894132,0.18
3.857395472,-2.883346676,0.18
3.856173528,-2.89479922,0.18
3.85495158,-2.906251768,0.18
3.853729636,-2.917704312,0.18
3.852507688,-2.929156856,0.18
3.85128574,-2.9406094,0.18
3.850063796,-2.952061944,0.18
3.848841848,-2.963514492,0.18
3.847619904,-2.974967036,0.18
3.846397956,-2.98641958,0.18
3.845176012,-2.997872124,0.18
3.843954064,-3.009324668,0.18
3.84273212,-3.020777212,0.18
3.841510172,-3.03222976,0.18
3.840288228,-3.043682304,0.18
3.83906628,-3.055134848,0.18
3.837844336,-3.066587392,0.18
3.836622388,-3.078039936,0.18
3.83540044,-3.08949248,0.18
3.834178496,-3.100945028,0.18
3.832956548,-3.112397572,0.18
3.831734604,-3.123850116,0.18
3.830512656,-3.13530266,0.18
3.829290712,-3.146755204,0.18
3.828068764,-3.158207748,0.18
3.82684682,-3.169660296,0.18
3.825624872,-3.18111284,0.18
3.824402928,-3.192565384,0.18
3.82318098,-3.204017928,0.18
3.821959036,-3.215470472,0.18
3.820737088,-3.226923016,0.18
3.819515144,-3.238375564,0.18
3.818293196,-3.249828108,0.18
3.817071248,-3.261280652,0.18
3.815849304,-3.272733196,0.18
3.814627356,-3.28418574,0.18
3.813405412,-3.295638284,0.18
3.812183464,-3.307090832,0.18
3.81096152,-3.318543376,0.18
3.809739572,-3.32999592,0.18
3.808517628,-3.341448464,0.18
3.80729568,-3.352901008,0.18
3.806073736,-3.364353552,0.18
3.804851788,-3.3758061,0.18
3.803629844,-3.387258644,0.18
3.802407896,-3.398711188,0.18
3.801185948,-3.410163732,0.18
3.799964004,-3.421616276,0.18
3.798742056,-3.43306882,0.18
3.797514656,-3.444520776,0.18
3.796068132,-3.455946724,0.18
3.794293256,-3.467326292,0.18
3.792191496,-3.478650048,0.18
3.7897646,-3.489908596,0.18
3.78701458,-3.501092608,0.18
3.783943712,-3.512192812,0.18
3.78055454,-3.523200008,0.18
3.77684988,-3.534105064,0.18
3.7728328,-3.54489894,0.18
3.768506628,-3.555572696,0.18
3.763874956,-3.566117476,0.18
3.75894162,-3.57652454,0.18
3.753710712,-3.586785256,0.18
3.748186564,-3.596891124,0.18
3.742373764,-3.606833764,0.18
3.73627712,-3.616604936,0.18
3.729901696,-3.626196532,0.18
3.723252772,-3.635600604,0.18
3.716335864,-3.644809356,0.18
3.709156704,-3.653815156,0.18
3.70172124,-3.662610532,0.18
3.694035644,-3.6711882,0.18
3.686106284,-3.679541044,0.18
3.677939732,-3.68766214,0.18
3.669542756,-3.695544756,0.18
3.660922328,-3.703182352,0.18
3.652085584,-3.710568608,0.18
3.643039852,-3.717697388,0.18
3.633792636,-3.724562788,0.18
3.624351596,-3.73115912,0.18
3.614724564,-3.737480908,0.18
3.604919516,-3.743522912,0.18
3.594944588,-3.749280128,0.18
3.58480804,-3.75474778,0.18
3.574518284,-3.759921336,0.18
3.564083848,-3.764796508,0.18
3.55351338,-3.769369248,0.18
3.542815644,-3.773635772,0.18
3.531999512,-3.777592544,0.18
3.521073948,-3.781236276,0.18
3.510048008,-3.784563956,0.18
3.498930836,-3.78757282,0.18
3.487731648,-3.790260372,0.18
3.476459728,-3.792624388,0.18
3.46512442,-3.794662908,0.18
3.45373512,-3.79637424,0.18
3.442301276,-3.797756964,0.18
3.43083236,-3.798809936,0.18
3.419337884,-3.799532284,0.18
3.407827376,-3.799923408,0.18
3.39631038,-3.799982984,0.18
3.38479644,-3.79971096,0.18
3.373295108,-3.799107564,0.18
3.361815912,-3.7981733,0.18
3.350368372,-3.796908932,0.18
3.33896198,-3.79531552,0.18
3.327606188,-3.793394376,0.18
3.316310416,-3.7911471,0.18
3.305084024,-3.788575548,0.18
3.29393632,-3.785681856,0.18
3.282876544,-3.782468424,0.18
3.271913868,-3.778937916,0.18
3.26105738,-3.775093252,0.18
3.250316076,-3.770937628,0.18
3.239698868,-3.766474484,0.18
3.229214556,-3.761707524,0.18
3.218871828,-3.756640696,0.18
3.20867926,-3.7512782,0.18
3.198645304,-3.745624488,0.18
3.188778276,-3.73968424,0.18
3.179086356,-3.733462384,0.18
3.169577584,-3.72696408,0.18
3.160259836,-3.720194712,0.18
3.15114084,-3.713159892,0.18
3.142228156,-3.705865452,0.18
3.133529172,-3.698317444,0.18
3.1250511,-3.69052212,0.18
3.116800968,-3.682485944,0.18
3.10878562,-3.67421558,0.18
3.101011696,-3.665717884,0.18
3.09348564,-3.656999896,0.18
3.086213696,-3.648068852,0.18
3.079201888,-3.638932148,0.18
3.072456032,-3.629597364,0.18
3.06598172,-3.620072236,0.18
3.05978432,-3.610364664,0.18
3.053868968,-3.600482692,0.18
3.048240568,-3.590434512,0.18
3.042903792,-3.580228456,0.18
3.037863052,-3.569872988,0.18
3.03312254,-3.559376688,0.18
3.028686176,-3.548748264,0.18
3.024557648,-3.53799652,0.18
3.020740368,-3.527130372,0.18
3.017237508,-3.516158828,0.18
3.014051968,-3.505090988,0.18
3.011186388,-3.493936024,0.18
3.008643152,-3.482703184,0.18
3.00642436,-3.47140178,0.18
3.004531852,-3.46004118,0.18
3.002903348,-3.448639404,0.18
3.001298132,-3.437234264,0.18
2.999692912,-3.425829128,0.18
2.998087696,-3.414423988,0.18
2.996482476,-3.403018848,0.18
2.99487726,-3.391613708,0.18
2.99327204,-3.380208568,0.18
2.991666824,-3.368803428,0.18
2.990061604,-3.357398288,0.18
2.988456388,-3.345993148,0.18
2.986851172,-3.334588012,0.18
2.985245952,-3.323182872,0.18
2.983640736,-3.311777732,0.18
2.982035516,-3.300372592,0.18
2.9804303,-3.288967452,0.18
2.97882508,-3.277562312,0.18
2.977219864,-3.266157172,0.18
2.975614644,-3.254752032,0.18
2.974009428,-3.243346896,0.18
2.972404208,-3.231941756,0.18
2.970798992,-3.220536616,0.18
2.969193772,-3.209131476,0.18
2.967588556,-3.197726336,0.18
2.965983336,-3.186321196,0.18
2.96437812,-3.174916056,0.18
2.9627729,-3.163510916,0.18
2.961167684,-3.152105776,0.18
2.959562464,-3.14070064,0.18
2.957957248,-3.1292955,0.18
2.956352028,-3.11789036,0.18
2.954746812,-3.10648522,0.18
2.953141592,-3.09508008,0.18
2.951536376,-3.08367494,0.18
2.949931156,-3.0722698,0.18
2.94832594,-3.06086466,0.18
2.94672072,-3.049459524,0.18
2.945115504,-3.038054384,0.18
2.943510288,-3.026649244,0.18
2.941905068,-3.015244104,0.18
2.940299852,-3.003838964,0.18
2.938694632,-2.992433824,0.18
2.937089416,-2.981028684,0.18
2.935484196,-2.969623544,0.18
2.93387898,-2.958218408,0.18
2.93227376,-2.946813268,0.18
2.930668544,-2.935408128,0.18
2.929063324,-2.924002988,0.18
2.927458108,-2.912597848,0.18
2.925852888,-2.901192708,0.18
2.924247672,-2.889787568,0.18
2.922642452,-2.878382428,0.18
2.921037236,-2.866977292,0.18
2.919432016,-2.855572152,0.18
2.9178268,-2.844167012,0.18
2.91622158,-2.832761872,0.18
2.914616364,-2.821356732,0.18
2.913011144,-2.809951592,0.18
2.911405928,-2.798546452,0.18
2.909800708,-2.787141312,0.18
2.908195492,-2.775736176,0.18
2.906590272,-2.764331036,0.18
2.904985056,-2.752925896,0.18
2.903379836,-2.741520756,0.18
2.90177462,-2.730115616,0.18
2.900169404,-2.718710476,0.18
2.898564184,-2.707305336,0.18
2.896958968,-2.695900196,0.18
2.895353748,-2.684495056,0.18
2.893748532,-2.67308992,0.18
2.892143312,-2.66168478,0.18
2.890538096,-2.65027964,0.18
2.888932876,-2.6388745,0.18
2.88732766,-2.62746936,0.18
2.88572244,-2.61606422,0.18
2.884117224,-2.60465908,0.18
2.882512004,-2.59325394,0.18
2.880906788,-2.581848804,0.18
2.879301568,-2.570443664,0.18
2.877696352,-2.559038524,0.18
2.876091132,-2.547633384,0.18
2.874485916,-2.536228244,0.18
2.872880696,-2.524823104,0.18
2.87127548,-2.513417964,0.18
2.86967026,-2.502012824,0.18
2.868065044,-2.490607688,0.18
2.866459824,-2.479202548,0.18
2.864854608,-2.467797408,0.18
2.863249388,-2.456392268,0.18
2.861644172,-2.444987128,0.18
2.860038952,-2.433581988,0.18
2.858433736,-2.422176848,0.18
2.85682852,-2.410771708,0.18
2.8552233,-2.399366572,0.18
2.853618084,-2.387961432,0.18
2.852012864,-2.376556292,0.18
2.850407648,-2.365151152,0.18
2.848802428,-2.353746012,0.18
2.847197212,-2.342340872,0.18
2.845591992,-2.330935732,0.18
2.843986776,-2.319530592,0.18
2.842381556,-2.308125452,0.18
2.84077634,-2.296720316,0.18
2.83917112,-2.285315176,0.18
2.837565904,-2.273910036,0.18
2.835960684,-2.262504896,0.18
2.834355468,-2.251099756,0.18
2.832750248,-2.239694616,0.18
2.831145032,-2.228289476,0.18
2.829539812,-2.216884336,0.18
2.827934596,-2.2054792,0.18
2.826329376,-2.19407406,0.18
2.82472416,-2.18266892,0.18
2.82311894,-2.17126378,0.18
2.821513724,-2.15985864,0.18
2.819908504,-2.1484535,0.18
2.818303288,-2.13704836,0.18
2.816698068,-2.12564322,0.18
2.815092852,-2.114238084,0.18
2.813487636,-2.102832944,0.18
2.811882416,-2.091427804,0.18
2.8102772,-2.080022664,0.18
2.80867198,-2.068617524,0.18
2.807066764,-2.057212384,0.18
2.805461544,-2.045807244,0.18
2.803856328,-2.034402104,0.18
2.802251108,-2.022996968,0.18
2.800645892,-2.011591828,0.18
2.799040672,-2.000186688,0.18
2.797435456,-1.988781548,0.18
2.795830236,-1.977376408,0.18
2.79422502,-1.965971268,0.18
2.7926198,-1.954566128,0.18
2.791014584,-1.943160988,0.18
2.789409364,-1.931755852,0.18
2.787804148,-1.920350712,0.18
2.786198928,-1.908945572,0.18
2.784593712,-1.897540432,0.18
2.782988492,-1.886135292,0.18
2.781383276,-1.874730152,0.18
2.779778056,-1.863325012,0.18
2.77817284,-1.851919872,0.18
2.77656762,-1.840514732,0.18
2.774962404,-1.829109596,0.18
2.773357184,-1.817704456,0.18
2.771751968,-1.806299316,0.18
2.770146752,-1.794894176,0.18
2.768541532,-1.783489036,0.18
2.766936316,-1.772083896,0.18
2.765331096,-1.760678756,0.18
2.76372588,-1.749273616,0.18
2.76212066,-1.73786848,0.18
2.760515444,-1.72646334,0.18
2.758910224,-1.7150582,0.18
2.757305008,-1.70365306,0.18
2.755699788,-1.69224792,0.18
2.754094572,-1.68084278,0.18
2.752489352,-1.66943764,0.18
2.750884136,-1.6580325,0.18
2.749278916,-1.646627364,0.18
2.7476737,-1.635222224,0.18
2.74606848,-1.623817084,0.18
2.744463264,-1.612411944,0.18
2.742858044,-1.601006804,0.18
2.741252828,-1.589601664,0.18
2.739647608,-1.578196524,0.18
2.738042392,-1.566791384,0.18
2.736437172,-1.555386248,0.18
2.734831956,-1.543981108,0.18
2.733226736,-1.532575968,0.18
2.73162152,-1.521170828,0.18
2.7300163,-1.509765688,0.18
2.728411084,-1.498360548,0.18
2.726805868,-1.486955408,0.18
2.725200648,-1.475550268,0.18
2.723595432,-1.464145128,0.18
2.721990212,-1.452739992,0.18
2.720384996,-1.441334852,0.18
2.718779776,-1.429929712,0.18
2.71717456,-1.418524572,0.18
2.71556934,-1.407119432,0.18
2.713964124,-1.395714292,0.18
2.712358904,-1.384309152,0.18
2.710753688,-1.372904012,0.18
2.709148468,-1.361498876,0.18
2.707543252,-1.350093736,0.18
2.705938032,-1.338688596,0.18
2.704332816,-1.327283456,0.18
2.702727596,-1.315878316,0.18
2.70112238,-1.304473176,0.18
2.69951716,-1.293068036,0.18
2.697911944,-1.281662896,0.18
2.696306724,-1.27025776,0.18
2.694701508,-1.25885262,0.18
2.693096288,-1.24744748,0.18
2.691491072,-1.23604234,0.18
2.689885852,-1.2246372,0.18
2.688280636,-1.21323206,0.18
2.686675416,-1.20182692,0.18
2.6850702,-1.19042178,0.18
2.683464984,-1.179016644,0.18
2.681859764,-1.167611504,0.18
2.680254548,-1.156206364,0.18
2.678649328,-1.144801224,0.18
2.677044112,-1.133396084,0.18
2.675438892,-1.121990944,0.18
2.673833676,-1.110585804,0.18
2.672228456,-1.099180664,0.18
2.67062324,-1.087775528,0.18
2.66901802,-1.076370388,0.18
2.667412804,-1.064965248,0.18
2.665807584,-1.053560108,0.18
2.664202368,-1.042154968,0.18
2.662597148,-1.030749828,0.18
2.660991932,-1.019344688,0.18
2.659386712,-1.007939548,0.18
2.657781496,-0.996534408,0.18
2.656176276,-0.985129272,0.18
2.65457106,-0.973724132,0.18
2.65296584,-0.962318992,0.18
2.651360624,-0.950913852,0.18
2.649755404,-0.939508712,0.18
2.648150188,-0.928103572,0.18
2.646544968,-0.916698432,0.18
2.644939752,-0.905293292,0.18
2.643334532,-0.893888156,0.18
2.641729316,-0.882483016,0.18
2.6401241,-0.871077876,0.18
2.63851888,-0.859672736,0.18
2.636913664,-0.848267596,0.18
2.635308444,-0.836862456,0.18
2.633703228,-0.825457316,0.18
2.632098008,-0.814052176,0.18
2.630492792,-0.80264704,0.18
2.628887572,-0.7912419,0.18
2.627282356,-0.77983676,0.18
2.625677136,-0.76843162,0.18
2.62407192,-0.75702648,0.18
2.6224667,-0.74562134,0.18
2.620861484,-0.7342162,0.18
2.619256264,-0.72281106,0.18
2.617651048,-0.711405924,0.18
2.616045828,-0.700000784,0.18
2.614440612,-0.688595644,0.18
2.612835392,-0.677190504,0.18
2.611230176,-0.665785364,0.18
2.609624956,-0.654380224,0.18
2.60801974,-0.642975084,0.18
2.60641452,-0.631569944,0.18
2.604809304,-0.620164808,0.18
2.603204084,-0.608759668,0.18
2.601598868,-0.597354528,0.18
2.599993648,-0.585949388,0.18
2.598388432,-0.574544248,0.18
2.596579796,-0.563170884,0.18
2.594134188,-0.551917604,0.18
2.591044944,-0.54082374,0.18
2.5873223,-0.529926068,0.18
2.582978604,-0.519260724,0.18
2.578028256,-0.508863068,0.18
2.572487664,-0.498767564,0.18
2.566375204,-0.489007696,0.18
2.559711136,-0.479615808,0.18
2.552517556,-0.470623052,0.18
2.544818316,-0.462059232,0.18
2.53663894,-0.453952748,0.18
2.528006548,-0.446330472,0.18
2.51894976,-0.43921768,0.18
2.5094986,-0.432637948,0.18
2.499684408,-0.426613096,0.18
2.489539716,-0.421163092,0.18
2.47909816,-0.416306012,0.18
2.468394364,-0.412057956,0.18
2.457463808,-0.408433012,0.18
2.446342736,-0.405443192,0.18
2.435068016,-0.403098416,0.18
2.423677032,-0.401406448,0.18
2.412207548,-0.400372908,0.18
2.400697588,-0.400001216,0.18
2.38918532,-0.400292608,0.18
2.377708904,-0.401246116,0.18
2.366306392,-0.402858576,0.18
2.355015592,-0.405124648,0.18
2.343873932,-0.408036816,0.18
2.332918356,-0.411585424,0.18
2.322185184,-0.415758704,0.18
2.311710004,-0.420542828,0.18
2.30152754,-0.425921928,0.18
2.291671556,-0.431878176,0.18
2.282174728,-0.438391816,0.18
2.27306854,-0.44544126,0.18
2.264383188,-0.453003128,0.18
2.25614746,-0.46105236,0.18
2.24820074,-0.469389224,0.18
2.240257604,-0.477729516,0.18
2.232314464,-0.486069812,0.18
2.224371328,-0.494410104,0.18
2.216428192,-0.5027504,0.18
2.208485052,-0.511090692,0.18
2.200541916,-0.519430988,0.18
2.19259878,-0.52777128,0.18
2.184655644,-0.536111576,0.18
2.176712504,-0.544451868,0.18
2.168769368,-0.552792164,0.18
2.160826232,-0.561132456,0.18
2.152883092,-0.569472752,0.18
2.144939956,-0.577813044,0.18
2.13699682,-0.58615334,0.18
2.129053684,-0.594493632,0.18
2.121110544,-0.602833928,0.18
2.113167408,-0.61117422,0.18
2.105224272,-0.619514516,0.18
2.097281132,-0.627854808,0.18
2.089337996,-0.636195104,0.18
2.08139486,-0.644535396,0.18
2.073451724,-0.652875692,0.18
2.065508584,-0.661215984,0.18
2.057565448,-0.66955628,0.18
2.049622312,-0.677896572,0.18
2.041679172,-0.686236868,0.18
2.033736036,-0.69457716,0.18
2.0257929,-0.702917456,0.18
2.01784976,-0.711257748,0.18
2.009906624,-0.719598044,0.18
2.001963488,-0.727938336,0.18
1.994020352,-0.736278632,0.18
1.986077212,-0.744618924,0.18
1.978134076,-0.75295922,0.18
1.97019094,-0.761299512,0.18
1.9622478,-0.769639808,0.18
1.954304664,-0.7779801,0.18
1.946361528,-0.786320396,0.18
1.938418392,-0.794660688,0.18
1.930475252,-0.803000984,0.18
1.922532116,-0.811341276,0.18
1.91458898,-0.819681572,0.18
1.90664584,-0.828021868,0.18
1.898702704,-0.83636216,0.18
1.890759568,-0.844702456,0.18
1.882816432,-0.853042748,0.18
1.874873292,-0.861383044,0.18
1.866930156,-0.869723336,0.18
1.85898702,-0.878063632,0.18
1.85104388,-0.886403924,0.18
1.843100744,-0.89474422,0.18
1.835157608,-0.903084512,0.18
1.827214472,-0.911424808,0.18
1.819271332,-0.9197651,0.18
1.811328196,-0.928105396,0.18
1.80338506,-0.936445688,0.18
1.79544192,-0.944785984,0.18
1.787498784,-0.953126276,0.18
1.779555648,-0.961466572,0.18
1.771612512,-0.969806864,0.18
1.763669372,-0.97814716,0.18
1.755726236,-0.986487452,0.18
1.7477831,-0.994827748,0.18
1.73983996,-1.00316804,0.18
1.731896824,-1.011508336,0.18
1.723953688,-1.019848628,0.18
1.716010552,-1.028188924,0.18
1.708067412,-1.036529216,0.18
1.700124276,-1.044869512,0.18
1.69218114,-1.053209804,0.18
1.684238,-1.0615501,0.18
1.676294864,-1.069890392,0.18
1.668351728,-1.078230688,0.18
1.660408592,-1.08657098,0.18
1.652465452,-1.094911276,0.18
1.644522316,-1.103251568,0.18
1.63657918,-1.111591864,0.18
1.62863604,-1.119932156,0.18
1.620692904,-1.128272452,0.18
1.612749768,-1.136612744,0.18
1.604806632,-1.14495304,0.18
1.596863492,-1.153293332,0.18
1.588920356,-1.161633628,0.18
1.58097722,-1.16997392,0.18
1.57303408,-1.178314216,0.18
1.565091176,-1.186654728,0.18
1.557237248,-1.19507884,0.18
1.549546464,-1.203652156,0.18
1.542021664,-1.212371516,0.18
1.534665612,-1.221233704,0.18
1.527481024,-1.230235456,0.18
1.520470548,-1.239373456,0.18
1.513636764,-1.248644336,0.18
1.506982188,-1.258044684,0.18
1.50050928,-1.267571032,0.18
1.494220416,-1.277219868,0.18
1.48811792,-1.286987644,0.18
1.482204036,-1.296870752,0.18
1.476480948,-1.306865556,0.18
1.47095076,-1.316968372,0.18
1.465615512,-1.327175476,0.18
1.460477172,-1.337483108,0.18
1.455537628,-1.347887472,0.18
1.450798704,-1.358384732,0.18
1.446262148,-1.36897102,0.18
1.441929624,-1.379642436,0.18
1.437802736,-1.390395048,0.18
1.433883,-1.401224892,0.18
1.430171864,-1.41212798,0.18
1.426670692,-1.423100292,0.18
1.42338078,-1.434137788,0.18
1.420303332,-1.4452364,0.18
1.417439484,-1.45639204,0.18
1.414790296,-1.467600592,0.18
1.41235674,-1.478857928,0.18
1.410139716,-1.490159904,0.18
1.40814004,-1.501502356,0.18
1.406358444,-1.512881096,0.18
1.404795588,-1.52429194,0.18
1.403452052,-1.53573068,0.18
1.402328324,-1.5471931,0.18
1.401424824,-1.55867498,0.18
1.40074188,-1.570172084,0.18
1.400279744,-1.581680184,0.18
1.400038592,-1.593195028,0.18
1.4,-1.604712432,0.18
1.4,-1.61622998,0.18
1.4,-1.627747532,0.18
1.4,-1.63926508,0.18
1.4,-1.650782628,0.18
1.4,-1.662300176,0.18
1.4,-1.673817724,0.18
1.4,-1.685335276,0.18
1.4,-1.696852824,0.18
1.4,-1.708370372,0.18
1.4,-1.71988792,0.18
1.4,-1.731405472,0.18
1.4,-1.74292302,0.18
1.4,-1.754440568,0.18
1.4,-1.765958116,0.18
1.4,-1.777475664,0.18
1.4,-1.788993216,0.18
1.4,-1.800510764,0.18
1.4,-1.812028312,0.18
1.4,-1.82354586,0.18
1.4,-1.835063412,0.18
1.4,-1.84658096,0.18
1.4,-1.858098508,0.18
1.4,-1.869616056,0.18
1.4,-1.881133604,0.18
1.4,-1.892651156,0.18
1.4,-1.904168704,0.18
1.4,-1.915686252,0.18
1.4,-1.9272038,0.18
1.4,-1.938721348,0.18
1.4,-1.9502389,0.18
1.4,-1.961756448,0.18
1.4,-1.973273996,0.18
1.4,-1.984791544,0.18
1.4,-1.996309096,0.18
1.4,-2.007826644,0.18
1.4,-2.019344192,0.18
1.4,-2.03086174,0.18
1.4,-2.042379288,0.18
1.4,-2.05389684,0.18
1.4,-2.065414388,0.18
1.4,-2.076931936,0.18
1.4,-2.088449484,0.18
1.4,-2.099967032,0.18
1.4,-2.111484584,0.18
1.4,-2.123002132,0.18
1.4,-2.13451968,0.18
1.4,-2.146037228,0.18
1.4,-2.15755478,0.18
1.4,-2.169072328,0.18
1.4,-2.180589876,0.18
1.4,-2.192107424,0.18
1.4,-2.203624972,0.18
1.4,-2.215142524,0.18
1.4,-2.226660072,0.18
1.4,-2.23817762,0.18
1.4,-2.249695168,0.18
1.4,-2.26121272,0.18
1.4,-2.272730268,0.18
1.4,-2.284247816,0.18
1.4,-2.295765364,0.18
1.4,-2.307282912,0.18
1.4,-2.318800464,0.18
1.4,-2.330318012,0.18
1.4,-2.34183556,0.18
1.4,-2.353353108,0.18
1.4,-2.364870656,0.18
1.4,-2.376388208,0.18
1.4,-2.387905756,0.18
1.4,-2.399423304,0.18
1.4,-2.410940852,0.18
1.4,-2.422458404,0.18
1.4,-2.433975952,0.18
1.4,-2.4454935,0.18
1.4,-2.457011048,0.18
1.4,-2.468528596,0.18
1.4,-2.480046148,0.18
1.4,-2.491563696,0.18
1.4,-2.503081244,0.18
1.4,-2.514598792,0.18
1.4,-2.526116344,0.18
1.4,-2.537633892,0.18
1.4,-2.54915144,0.18
1.4,-2.560668988,0.18
1.4,-2.572186536,0.18
1.4,-2.583704088,0.18
1.4,-2.595221636,0.18
1.4,-2.606739184,0.18
1.4,-2.618256732,0.18
1.4,-2.62977428,0.18
1.4,-2.641291832,0.18
1.4,-2.65280938,0.18
1.4,-2.664326928,0.18
1.4,-2.675844476,0.18
1.4,-2.687362028,0.18
1.4,-2.698879576,0.18
1.4,-2.710397124,0.18
1.4,-2.721914672,0.18
1.4,-2.73343222,0.18
1.4,-2.744949772,0.18
1.4,-2.75646732,0.18
1.4,-2.767984868,0.18
1.4,-2.779502416,0.18
1.4,-2.791019968,0.18
1.4,-2.802537516,0.18
1.4,-2.814055064,0.18
1.4,-2.825572612,0.18
1.4,-2.83709016,0.18
1.4,-2.848607712,0.18
1.4,-2.86012526,0.18
1.4,-2.871642808,0.18
1.4,-2.883160356,0.18
1.4,-2.894677904,0.18
1.4,-2.906195456,0.18
1.4,-2.917713004,0.18
1.4,-2.929230552,0.18
1.4,-2.9407481,0.18
1.4,-2.952265652,0.18
1.4,-2.9637832,0.18
1.4,-2.975300748,0.18
1.4,-2.986818296,0.18
1.4,-2.998335844,0.18
1.39993932,-3.009853144,0.18
1.399714568,-3.0213684,0.18
1.399324064,-3.032879228,0.18
1.39876788,-3.04438324,0.18
1.39804614,-3.055878056,0.18
1.397158992,-3.067361288,0.18
1.396106616,-3.078830556,0.18
1.394889232,-3.090283488,0.18
1.393507096,-3.101717704,0.18
1.391960488,-3.11313084,0.18
1.390249732,-3.124520524,0.18
1.388375184,-3.135884404,0.18
1.386337228,-3.147220116,0.18
1.384136292,-3.158525316,0.18
1.381772828,-3.169797656,0.18
1.379247328,-3.181034804,0.18
1.376560316,-3.192234428,0.18
1.373712348,-3.203394208,0.18
1.370704012,-3.214511832,0.18
1.367535932,-3.225584996,0.18
1.364208772,-3.2366114,0.18
1.360723212,-3.247588764,0.18
1.357079976,-3.258514812,0.18
1.353279824,-3.269387276,0.18
1.349323544,-3.280203904,0.18
1.345211948,-3.290962456,0.18
1.340945896,-3.3016607,0.18
1.336526268,-3.31229642,0.18
1.331953984,-3.322867412,0.18
1.327229988,-3.333371484,0.18
1.32235526,-3.343806456,0.18
1.317330812,-3.354170168,0.18
1.31215768,-3.364460476,0.18
1.306836944,-3.37467524,0.18
1.301369704,-3.384812344,0.18
1.295757088,-3.394869692,0.18
1.290000268,-3.404845192,0.18
1.284100432,-3.414736784,0.18
1.278058804,-3.424542412,0.18
1.271876632,-3.434260048,0.18
1.265555208,-3.443887676,0.18
1.259095832,-3.453423296,0.18
1.252499844,-3.46286494,0.18
1.245768616,-3.472210644,0.18
1.23890354,-3.481458476,0.18
1.231906044,-3.490606516,0.18
1.224777568,-3.499652868,0.18
1.2175196,-3.50859566,0.18
1.210133636,-3.517433036,0.18
1.202621212,-3.526163164,0.18
1.194983884,-3.534784236,0.18
1.187223236,-3.54329446,0.18
1.179340872,-3.55169208,0.18
1.171338432,-3.559975352,0.18
1.163217572,-3.56814256,0.18
1.154979972,-3.576192008,0.18
1.146627344,-3.584122028,0.18
1.13816142,-3.59193098,0.18
1.129583948,-3.599617244,0.18
1.120896712,-3.607179228,0.18
1.112101512,-3.61461536,0.18
1.103200168,-3.621924104,0.18
1.094194528,-3.62910394,0.18
1.085086456,-3.636153384,0.18
1.07587784,-3.643070976,0.18
1.066570592,-3.649855276,0.18
1.05716664,-3.656504884,0.18
1.047667928,-3.66301842,0.18
1.038076428,-3.669394532,0.18
1.028394132,-3.6756319,0.18
1.018623044,-3.681729232,0.18
1.008765188,-3.687685264,0.18
0.998822604,-3.69349876,0.18
0.98879736,-3.699168516,0.18
0.978691532,-3.704693356,0.18
0.968507212,-3.710072132,0.18
0.958246512,-3.715303736,0.18
0.94791156,-3.72038708,0.18
0.937504496,-3.725321112,0.18
0.927027476,-3.730104808,0.18
0.916482676,-3.734737176,0.18
0.90587228,-3.739217252,0.18
0.895198484,-3.743544116,0.18
0.884463504,-3.747716868,0.18
0.873669564,-3.75173464,0.18
0.862818904,-3.7555966,0.18
0.851913764,-3.759301952,0.18
0.840956416,-3.762849924,0.18
0.82994912,-3.76623978,0.18
0.818894164,-3.76947082,0.18
0.80779384,-3.772542372,0.18
0.796650448,-3.775453804,0.18
0.785466296,-3.778204508,0.18
0.7742437,-3.780793912,0.18
0.762984992,-3.783221484,0.18
0.7516925,-3.78548672,0.18
0.740368568,-3.787589148,0.18
0.729015544,-3.789528332,0.18
0.717635776,-3.791303876,0.18
0.706231628,-3.792915408,0.18
0.69480546,-3.794362592,0.18
0.683359644,-3.795645128,0.18
0.671896548,-3.796762756,0.18
0.660418552,-3.797715236,0.18
0.648928032,-3.79850238,0.18
0.637427368,-3.799124016,0.18
0.625918952,-3.79958002,0.18
0.61440516,-3.799870296,0.18
0.602888384,-3.799994784,0.18
0.591371008,-3.79995346,0.18
0.57985542,-3.799746332,0.18
0.568344008,-3.79937344,0.18
0.55683916,-3.798834864,0.18
0.545343256,-3.798130716,0.18
0.53385868,-3.79726114,0.18
0.522387812,-3.796226316,0.18
0.510933032,-3.795026464,0.18
0.499496712,-3.793661824,0.18
0.488081224,-3.792132684,0.18
0.476688936,-3.79043936,0.18
0.4653222,-3.788582204,0.18
0.453983384,-3.7865616,0.18
0.442674828,-3.784377964,0.18
0.431398884,-3.782031752,0.18
0.420157884,-3.779523452,0.18
0.40895416,-3.77685358,0.18
0.397790036,-3.774022692,0.18
0.38666782,-3.771031376,0.18
0.375589824,-3.767880248,0.18
0.36455834,-3.76456996,0.18
0.353575656,-3.761101204,0.18
0.342644044,-3.757474696,0.18
0.33176578,-3.753691184,0.18
0.320943108,-3.74975146,0.18
0.310178276,-3.745656332,0.18
0.299473516,-3.741406656,0.18
0.288831044,-3.737003312,0.18
0.278253068,-3.732447208,0.18
0.267741784,-3.727739292,0.18
0.25729936,-3.72288054,0.18
0.246927972,-3.717871956,0.18
0.236629764,-3.71271458,0.18
0.226406868,-3.70740948,0.18
0.216261408,-3.701957756,0.18
0.206195484,-3.69636054,0.18
0.196211184,-3.690618992,0.18
0.186310576,-3.6847343,0.18
0.176495712,-3.678707684,0.18
0.166768628,-3.672540392,0.18
0.15713134,-3.666233704,0.18
0.147585844,-3.659788928,0.18
0.13813412,-3.6532074,0.18
0.128778124,-3.64649048,0.18
0.119519796,-3.639639568,0.18
0.11036106,-3.632656072,0.18
0.101303808,-3.625541452,0.18
0.09234992,-3.618297176,0.18
0.083501252,-3.610924744,0.18
0.07475964,-3.603425692,0.18
0.066126892,-3.595801564,0.18
0.0576048,-3.588053948,0.18
0.049195128,-3.580184444,0.18
0.04089962,-3.572194692,0.18
0.032719996,-3.564086336,0.18
0.024657948,-3.555861068,0.18
0.016715156,-3.547520584,0.18
0.008893256,-3.539066616,0.18
0.001193876,-3.53050092,0.18
-0.006381392,-3.521825264,0.18
-0.013830976,-3.513041456,0.18
-0.021153332,-3.504151304,0.18
-0.02834694,-3.495156664,0.18
-0.035410316,-3.486059388,0.18
-0.042341992,-3.476861372,0.18
-0.049140528,-3.467564516,0.18
-0.05580452,-3.458170748,0.18
-0.06233258,-3.448682016,0.18
-0.068723364,-3.439100288,0.18
-0.074975544,-3.429427548,0.18
-0.08108782,-3.4196658,0.18
-0.087058928,-3.409817068,0.18
-0.092887632,-3.399883396,0.18
-0.09857272,-3.38986684,0.18
-0.10411302,-3.379769476,0.18
-0.109507376,-3.3695934,0.18
-0.114754676,-3.359340716,0.18
-0.119853832,-3.349013556,0.18
-0.12480378,-3.338614056,0.18
-0.129603504,-3.328144368,0.18
-0.134252004,-3.317606668,0.18
-0.138748312,-3.30700314,0.18
-0.143091508,-3.29633598,0.18
-0.14728068,-3.2856074,0.18
-0.151314964,-3.27481962,0.18
-0.155193528,-3.26397488,0.18
-0.15891556,-3.253075424,0.18
-0.162480296,-3.242123516,0.18
-0.165886996,-3.231121424,0.18
-0.169134948,-3.220071424,0.18
-0.172223484,-3.208975816,0.18
-0.175151964,-3.197836888,0.18
-0.177919776,-3.18665696,0.18
-0.180526352,-3.17543834,0.18
-0.182971152,-3.16418336,0.18
-0.185253664,-3.152894348,0.18
-0.18737342,-3.141573648,0.18
-0.189329976,-3.1302236,0.18
-0.191122932,-3.118846564,0.18
-0.192751912,-3.107444896,0.18
-0.19421658,-3.096020956,0.18
-0.195516632,-3.084577116,0.18
-0.1966518,-3.073115744,0.18
-0.197621844,-3.061639216,0.18
-0.198426568,-3.050149916,0.18
-0.199065804,-3.03865022,0.18
-0.19953942,-3.027142512,0.18
-0.199847316,-3.01562918,0.18
-0.199989428,-3.004112608,0.18
-0.200034272,-2.99259518,0.18
-0.200223776,-2.981079292,0.18
-0.200579052,-2.969567324,0.18
-0.20110002,-2.95806166,0.18
-0.201786576,-2.946564692,0.18
-0.202638576,-2.9350788,0.18
-0.203655844,-2.923606364,0.18
-0.204838172,-2.91214976,0.18
-0.206185308,-2.900711368,0.18
-0.207696976,-2.889293552,0.18
-0.209372864,-2.877898684,0.18
-0.211212624,-2.86652912,0.18
-0.213215876,-2.855187224,0.18
-0.2153822,-2.843875344,0.18
-0.217711152,-2.83259582,0.18
-0.220202248,-2.821350996,0.18
-0.222854972,-2.8101432,0.18
-0.225668772,-2.798974752,0.18
-0.228643068,-2.787847976,0.18
-0.23177724,-2.776765168,0.18
-0.23507064,-2.765728632,0.18
-0.238522588,-2.754740652,0.18
-0.242132364,-2.743803504,0.18
-0.24589922,-2.73291946,0.18
-0.24982238,-2.722090772,0.18
-0.253901028,-2.711319688,0.18
-0.258134316,-2.700608436,0.18
-0.262521372,-2.68995924,0.18
-0.267061284,-2.679374304,0.18
-0.271753108,-2.668855824,0.18
-0.276595876,-2.65840598,0.18
-0.281588584,-2.64802694,0.18
-0.286730192,-2.637720848,0.18
-0.29201964,-2.627489848,0.18
-0.297455832,-2.61733606,0.18
-0.303037636,-2.60726158,0.18
-0.3087639,-2.597268508,0.18
-0.314633436,-2.587358904,0.18
-0.320645024,-2.577534832,0.18
-0.326797424,-2.56779832,0.18
-0.333089356,-2.558151392,0.18
-0.339519516,-2.548596044,0.18
-0.346086576,-2.539134256,0.18
-0.352789168,-2.529767996,0.18
-0.359625908,-2.520499196,0.18
-0.366595376,-2.51132978,0.18
-0.373696128,-2.502261652,0.18
-0.380926696,-2.493296692,0.18
-0.388285576,-2.484436752,0.18
-0.395771244,-2.475683672,0.18
-0.403382152,-2.467039268,0.18
-0.411116716,-2.458505328,0.18
-0.41897334,-2.450083624,0.18
-0.426950392,-2.4417759,0.18
-0.43504622,-2.433583876,0.18
-0.443259144,-2.425509252,0.18
-0.45158746,-2.417553704,0.18
-0.460029448,-2.40971888,0.18
-0.468583352,-2.4020064,0.18
-0.477247404,-2.394417864,0.18
-0.486019804,-2.386954848,0.18
-0.494898736,-2.379618896,0.18
-0.503882364,-2.372411528,0.18
-0.512968816,-2.36533424,0.18
-0.522156216,-2.3583885,0.18
-0.531442656,-2.351575744,0.18
-0.540826216,-2.344897384,0.18
-0.550304948,-2.338354808,0.18
-0.559876884,-2.331949372,0.18
-0.569540048,-2.3256824,0.18
-0.579292428,-2.319555192,0.18
-0.589132012,-2.313569016,0.18
-0.599056752,-2.30772512,0.18
-0.608970064,-2.301922796,0.18
-0.618826144,-2.295963828,0.18
-0.628595416,-2.289863588,0.18
-0.638275856,-2.283623332,0.18
-0.647865452,-2.277244364,0.18
-0.65736222,-2.270728,0.18
-0.666764196,-2.264075588,0.18
-0.67606942,-2.257288516,0.18
-0.685275976,-2.25036818,0.18
-0.694381944,-2.243316024,0.18
-0.703385448,-2.2361335,0.18
-0.712284612,-2.228822108,0.18
-0.7210776,-2.221383352,0.18
-0.72976258,-2.213818784,0.18
-0.73833776,-2.206129964,0.18
-0.74680136,-2.198318492,0.18
-0.755151624,-2.19038598,0.18
-0.763386824,-2.182334076,0.18
-0.771505252,-2.174164452,0.18
-0.779505224,-2.165878796,0.18
-0.787385084,-2.157478828,0.18
-0.795143196,-2.148966292,0.18
-0.802777956,-2.140342944,0.18
-0.810287776,-2.13161058,0.18
-0.817671104,-2.122771004,0.18
-0.824926412,-2.113826052,0.18
-0.832052188,-2.104777572,0.18
-0.839046964,-2.095627448,0.18
-0.845909284,-2.086377572,0.18
-0.852637724,-2.077029864,0.18
-0.859230896,-2.067586256,0.18
-0.865687432,-2.058048708,0.18
-0.872005992,-2.0484192,0.18
-0.878185264,-2.03869972,0.18
-0.884223972,-2.028892292,0.18
-0.89012086,-2.018998944,0.18
-0.895874708,-2.009021728,0.18
-0.901484324,-1.998962708,0.18
-0.906948548,-1.988823976,0.18
-0.91226624,-1.978607628,0.18
-0.917436304,-1.96831578,0.18
-0.922457664,-1.957950572,0.18
-0.927329284,-1.947514144,0.18
-0.932050148,-1.937008668,0.18
-0.936619284,-1.926436316,0.18
-0.941035744,-1.91579928,0.18
-0.945298608,-1.905099764,0.18
-0.949406996,-1.894339988,0.18
-0.953360056,-1.88352218,0.18
-0.957156968,-1.872648584,0.18
-0.960796944,-1.861721452,0.18
-0.964279236,-1.850743052,0.18
-0.967603112,-1.839715656,0.18
-0.970767892,-1.828641548,0.18
-0.973772912,-1.817523028,0.18
-0.976617556,-1.8063624,0.18
-0.979301232,-1.795161976,0.18
-0.981823384,-1.783924076,0.18
-0.984183488,-1.772651028,0.18
-0.986381056,-1.761345176,0.18
-0.988415636,-1.750008856,0.18
-0.990286796,-1.73864442,0.18
-0.99199416,-1.727254224,0.18
-0.993537364,-1.715840628,0.18
-0.994916096,-1.704406,0.18
-0.996130068,-1.692952708,0.18
-0.997179024,-1.681483124,0.18
-0.998062756,-1.669999632,0.18
-0.998781068,-1.658504604,0.18
-0.999333824,-1.647000424,0.18
-0.9997209,-1.63548948,0.18
-0.99994222,-1.62397416,0.18
-1,-1.61245684,0.18
-1,-1.600939292,0.18
-1,-1.589421744,0.18
-1,-1.577904196,0.18
-1,-1.566386644,0.18
-1,-1.554869096,0.18
-1,-1.543351548,0.18
-1,-1.531834,0.18
-1,-1.520316452,0.18
-1,-1.5087989,0.18
-1,-1.497281352,0.18
-1,-1.485763804,0.18
-1,-1.474246256,0.18
-1,-1.462728708,0.18
-1,-1.451211156,0.18
-1,-1.439693608,0.18
-1,-1.42817606,0.18
-1,-1.416658512,0.18
-1,-1.40514096,0.18
-1,-1.393623412,0.18
-1,-1.382105864,0.18
-1,-1.370588316,0.18
-1,-1.359070768,0.18
-1,-1.347553216,0.18
-1,-1.336035668,0.18
-1,-1.32451812,0.18
-1,-1.313000572,0.18
-1,-1.30148302,0.18
-1,-1.289965472,0.18
-1,-1.278447924,0.18
-1,-1.266930376,0.18
-1,-1.255412828,0.18
-1,-1.243895276,0.18
-1,-1.232377728,0.18
-1,-1.22086018,0.18
-1,-1.209342632,0.18
-1,-1.197825084,0.18
-1,-1.186307532,0.18
-1,-1.174789984,0.18
-1,-1.163272436,0.18
-1,-1.151754888,0.18
-1,-1.140237336,0.18
-1,-1.128719788,0.18
-1,-1.11720224,0.18
-1,-1.105684692,0.18
-1,-1.094167144,0.18
-1,-1.082649592,0.18
-1,-1.071132044,0.18
-1,-1.059614496,0.18
-1,-1.048096948,0.18
-1,-1.0365794,0.18
-1,-1.025061848,0.18
-1,-1.0135443,0.18
-1,-1.002026752,0.18
-1,-0.990509204,0.18
-1,-0.978991652,0.18
-1,-0.967474104,0.18
-1,-0.955956556,0.18
-1,-0.944439008,0.18
-1,-0.93292146,0.18
-1,-0.921403908,0.18
-1,-0.90988636,0.18
-1,-0.898368812,0.18
-1,-0.886851264,0.18
-1,-0.875333712,0.18
-1,-0.863816164,0.18
-1,-0.852298616,0.18
-1,-0.840781068,0.18
-1,-0.82926352,0.18
-1,-0.817745968,0.18
-1,-0.80622842,0.18
-1,-0.794710872,0.18
-1,-0.783193324,0.18
-1,-0.771675776,0.18
-1,-0.760158224,0.18
-1,-0.748640676,0.18
-1,-0.737123128,0.18
-1,-0.72560558,0.18
-1,-0.714088028,0.18
-1,-0.70257048,0.18
-1,-0.691052932,0.18
-1,-0.679535384,0.18
-1,-0.668017836,0.18
-1,-0.656500284,0.18
-1,-0.644982736,0.18
-1,-0.633465188,0.18
-1,-0.62194764,0.18
-1,-0.610430088,0.18
-1,-0.59891254,0.18
-1,-0.587394992,0.18
-1,-0.575877444,0.18
-1,-0.564359896,0.18
-1,-0.552842344,0.18
-1,-0.541324796,0.18
-1,-0.529807248,0.18
-1,-0.5182897,0.18
-1,-0.506772152,0.18
-1,-0.4952546,0.18
-1,-0.483737052,0.18
-1,-0.472219504,0.18
-1,-0.460701956,0.18
-1,-0.449184404,0.18
-1,-0.437666856,0.18
-1,-0.426149308,0.18
-1,-0.41463176,0.18
-1,-0.403114212,0.18
-1,-0.39159666,0.18
-1,-0.380079112,0.18
-1,-0.368561564,0.18
-1,-0.357044016,0.18
-1,-0.345526468,0.18
-1,-0.334008916,0.18
-1,-0.322491368,0.18
-1,-0.31097382,0.18
-1,-0.299456272,0.18
-1,-0.28793872,0.18
-1,-0.276421172,0.18
-1,-0.264903624,0.18
-1,-0.253386076,0.18
-1,-0.241868528,0.18
-1,-0.230350976,0.18
-1,-0.218833428,0.18
-1,-0.20731588,0.18
-1,-0.195798332,0.18
-1,-0.18428078,0.18
-1,-0.172763232,0.18
-1,-0.161245684,0.18
-1,-0.149728136,0.18
-1,-0.138210588,0.18
-1,-0.126693036,0.18
-1,-0.115175488,0.18
-1,-0.10365794,0.18
-1,-0.092140392,0.18
-1,-0.080622844,0.18
-1,-0.069105292,0.18
-1,-0.057587744,0.18
-1,-0.046070196,0.18
-1,-0.034552648,0.18
-1,-0.023035096,0.18
-1,-0.011517548,0.18
-1,0,0.18
-0.999933672,0.011517296,0.18
-0.999734704,0.02303306,0.18
-0.999403116,0.034545772,0.18
-0.998938956,0.0460539,0.18
-0.998342284,0.05755592,0.18
-0.99761318,0.069050304,0.18
-0.99675174,0.080535528,0.18
-0.995758076,0.092010068,0.18
-0.994632324,0.103472404,0.18
-0.993374632,0.114921016,0.18
-0.991985168,0.12635438,0.18
-0.990464112,0.137770988,0.18
-0.988811668,0.149169316,0.18
-0.987028056,0.160547856,0.18
-0.985113516,0.1719051,0.18
-0.983068296,0.18323954,0.18
-0.980892668,0.194549672,0.18
-0.978586924,0.205834,0.18
-0.976151364,0.21709102,0.18
-0.97358632,0.228319244,0.18
-0.970892124,0.23951718,0.18
-0.96806914,0.250683344,0.18
-0.96511774,0.261816256,0.18
-0.962038312,0.272914436,0.18
-0.958831268,0.283976412,0.18
-0.955497032,0.29500072,0.18
-0.952036048,0.305985892,0.18
-0.948448772,0.316930476,0.18
-0.944735684,0.32783302,0.18
-0.940897272,0.338692076,0.18
-0.936934052,0.3495062,0.18
-0.93284654,0.360273964,0.18
-0.928635288,0.370993936,0.18
-0.924300848,0.381664696,0.18
-0.9198438,0.392284828,0.18
-0.915264728,0.40285292,0.18
-0.910564248,0.413367572,0.18
-0.905742976,0.423827392,0.18
-0.90080156,0.434230992,0.18
-0.895740644,0.444576984,0.18
-0.890560912,0.454864008,0.18
-0.88526304,0.465090688,0.18
-0.879847736,0.475255676,0.18
-0.87431572,0.48535762,0.18
-0.868667724,0.49539518,0.18
-0.862904496,0.505367024,0.18
-0.857026804,0.515271828,0.18
-0.851035424,0.525108284,0.18
-0.844931148,0.53487508,0.18
-0.838714796,0.544570924,0.18
-0.832387184,0.554194532,0.18
-0.825949152,0.56374462,0.18
-0.819401556,0.573219928,0.18
-0.812745268,0.5826192,0.18
-0.805981164,0.591941184,0.18
-0.799110144,0.601184644,0.18
-0.792133124,0.610348356,0.18
-0.785051024,0.619431104,0.18
-0.777864784,0.628431684,0.18
-0.770575356,0.6373489,0.18
-0.763183712,0.646181568,0.18
-0.755690832,0.65492852,0.18
-0.748097704,0.663588596,0.18
-0.74040534,0.672160644,0.18
-0.73261476,0.680643528,0.18
-0.724726996,0.689036124,0.18
-0.716743096,0.697337316,0.18
-0.70866412,0.705546008,0.18
-0.700491136,0.713661104,0.18
-0.692225228,0.721681532,0.18
-0.683867496,0.729606228,0.18
-0.675419048,0.737434136,0.18
-0.666881004,0.745164228,0.18
-0.6582545,0.752795468,0.18
-0.649540672,0.760326848,0.18
-0.640740684,0.767757368,0.18
-0.631855696,0.775086044,0.18
-0.622886896,0.782311904,0.18
-0.613835464,0.789433988,0.18
-0.604702608,0.796451352,0.18
-0.595489536,0.803363064,0.18
-0.586197468,0.810168208,0.18
-0.576827644,0.816865884,0.18
-0.5673813,0.823455196,0.18
-0.557859692,0.829935276,0.18
-0.548264084,0.836305264,0.18
-0.538595744,0.842564316,0.18
-0.52885596,0.848711596,0.18
-0.519046024,0.854746292,0.18
-0.509167232,0.860667608,0.18
-0.4992209,0.866474752,0.18
-0.489208344,0.872166956,0.18
-0.479130892,0.877743464,0.18
-0.468989884,0.88320354,0.18
-0.45878666,0.888546452,0.18
-0.44852258,0.8937715,0.18
-0.438199004,0.898877988,0.18
-0.427817296,0.903865232,0.18
-0.41737884,0.90873258,0.18
-0.406885016,0.913479384,0.18
-0.396337216,0.918105012,0.18
-0.385736844,0.922608848,0.18
-0.375085304,0.9269903,0.18
-0.364384004,0.931248784,0.18
-0.353634368,0.935383736,0.18
-0.342837824,0.939394608,0.18
-0.3319958,0.943280864,0.18
-0.32110974,0.947041992,0.18
-0.31018108,0.950677496,0.18
-0.299211272,0.954186888,0.18
-0.288201776,0.957569704,0.18
-0.277154048,0.960825496,0.18
-0.266069556,0.963953832,0.18
-0.254949768,0.9669543,0.18
-0.243796164,0.969826496,0.18
-0.232610216,0.972570044,0.18
-0.221393412,0.975184576,0.18
-0.21014724,0.977669748,0.18
-0.198873192,0.980025232,0.18
-0.187572764,0.982250712,0.18
-0.176247452,0.984345892,0.18
-0.16489876,0.9863105,0.18
-0.153528196,0.988144268,0.18
-0.142137264,0.989846956,0.18
-0.130727476,0.99141834,0.18
-0.119300348,0.992858212,0.18
-0.107857396,0.994166376,0.18
-0.096400136,0.99534266,0.18
-0.084930088,0.996386912,0.18
-0.073448772,0.997298992,0.18
-0.061957716,0.998078776,0.18
-0.05045844,0.99872616,0.18
-0.038952472,0.999241064,0.18
-0.027441332,0.999623416,0.18
-0.015926556,0.999873164,0.18
-0.004409668,0.999990276,0.18